datetime,open,high,low,close,volume,acml_tr_pbmn,minute_of_day,is_opening,is_closing
2025-05-07 09:00:00,54500,54700,54500,54700,1596322,87029220300,1,True,False
2025-05-07 09:01:00,54700,54700,54400,54500,252880,100817499450,2,True,False
2025-05-07 09:02:00,54600,55000,54600,54950,244999,114244379950,3,True,False
2025-05-07 09:03:00,54900,55000,54900,55000,127490,121249343750,4,True,False
2025-05-07 09:04:00,54900,55000,54700,54900,358877,140935841050,5,True,False
2025-05-07 09:05:00,54900,55000,54800,54800,79921,145319900850,6,True,False
2025-05-07 09:06:00,54800,54900,54700,54800,109231,151304617400,7,True,False
2025-05-07 09:07:00,54700,54800,54600,54750,157595,159923435850,8,True,False
2025-05-07 09:08:00,54700,54800,54700,54700,11281,160540960650,9,True,False
2025-05-07 09:09:00,54750,54750,54500,54600,189073,170868154300,10,True,False
2025-05-07 09:10:00,54600,54700,54500,54600,114185,177102059650,11,True,False
2025-05-07 09:11:00,54600,54600,54500,54550,13471,177837268550,12,True,False
2025-05-07 09:12:00,54550,54600,54400,54500,113953,184047150500,13,True,False
2025-05-07 09:13:00,54500,54500,54400,54400,22284,185260627300,14,True,False
2025-05-07 09:14:00,54450,54500,54300,54400,213984,196901099300,15,True,False
2025-05-07 09:15:00,54400,54500,54400,54400,38814,199012670400,16,True,False
2025-05-07 09:16:00,54400,54500,54300,54400,146955,207006515150,17,True,False
2025-05-07 09:17:00,54450,54500,54400,54400,11742,207645934200,18,True,False
2025-05-07 09:18:00,54500,54500,54400,54500,39659,209806708050,19,True,False
2025-05-07 09:19:00,54500,54500,54400,54500,23802,211103032600,20,True,False
2025-05-07 09:20:00,54400,54500,54400,54500,138983,218676145350,21,True,False
2025-05-07 09:21:00,54500,54500,54400,54500,16227,219560479850,22,True,False
2025-05-07 09:22:00,54500,54500,54400,54450,18310,220558274850,23,True,False
2025-05-07 09:23:00,54500,54500,54400,54450,24108,221871718050,24,True,False
2025-05-07 09:24:00,54500,54500,54400,54400,30912,223555522350,25,True,False
2025-05-07 09:25:00,54500,54500,54400,54450,31536,225273384350,26,True,False
2025-05-07 09:26:00,54400,54500,54400,54500,37633,227323144350,27,True,False
2025-05-07 09:27:00,54400,54500,54400,54400,26833,228784839500,28,True,False
2025-05-07 09:28:00,54500,54500,54400,54400,23892,230086124300,29,True,False
2025-05-07 09:29:00,54500,54500,54400,54400,24313,231410143900,30,True,False
2025-05-07 09:30:00,54400,54500,54400,54500,20865,232546568500,31,True,False
2025-05-07 09:31:00,54500,54500,54400,54400,20200,233647194300,32,False,False
2025-05-07 09:32:00,54500,54500,54400,54400,19800,234725544100,33,False,False
2025-05-07 09:33:00,54500,54500,54400,54450,37454,236766391650,34,False,False
2025-05-07 09:34:00,54500,54600,54400,54500,403424,258772049800,35,False,False
2025-05-07 09:35:00,54600,54700,54500,54700,26341,260211608550,36,False,False
2025-05-07 09:36:00,54700,54700,54600,54650,18158,261204400950,37,False,False
2025-05-07 09:37:00,54700,54700,54600,54600,17083,262138472250,38,False,False
2025-05-07 09:38:00,54700,54700,54600,54700,8270,262590366550,39,False,False
2025-05-07 09:39:00,54700,54700,54600,54600,12946,263298248700,40,False,False
2025-05-07 09:40:00,54650,54700,54600,54600,22073,264504876800,41,False,False
2025-05-07 09:41:00,54600,54700,54600,54700,14161,265278870700,42,False,False
2025-05-07 09:42:00,54600,54700,54600,54700,14233,266056831300,43,False,False
2025-05-07 09:43:00,54650,54700,54600,54650,41103,268301933250,44,False,False
2025-05-07 09:44:00,54650,54650,54500,54600,181671,278216424950,45,False,False
2025-05-07 09:45:00,54600,54700,54500,54700,153430,286594347000,46,False,False
2025-05-07 09:46:00,54650,54800,54600,54700,94000,291735641950,47,False,False
2025-05-07 09:47:00,54800,54800,54600,54700,117362,298154783350,48,False,False
2025-05-07 09:48:00,54800,54800,54700,54700,4711,298412599700,49,False,False
2025-05-07 09:49:00,54800,54800,54700,54800,28333,299963797150,50,False,False
2025-05-07 09:50:00,54700,54800,54600,54700,76604,304153243600,51,False,False
2025-05-07 09:51:00,54700,54700,54600,54600,13103,304869406650,52,False,False
2025-05-07 09:52:00,54650,54700,54500,54500,202373,315915073650,53,False,False
2025-05-07 09:53:00,54600,54600,54500,54550,16484,316814900350,54,False,False
2025-05-07 09:54:00,54600,54600,54550,54600,27375,318309431600,55,False,False
2025-05-07 09:55:00,54550,54600,54550,54600,25925,319724729400,56,False,False
2025-05-07 09:56:00,54600,54700,54550,54650,100386,325206782700,57,False,False
2025-05-07 09:57:00,54600,54700,54600,54600,5145,325487916200,58,False,False
2025-05-07 09:58:00,54650,54700,54600,54600,11420,326111965200,59,False,False
2025-05-07 09:59:00,54700,54700,54600,54650,7352,326513841650,60,False,False
2025-05-07 10:00:00,54650,54700,54600,54600,15456,327358370000,61,False,False
2025-05-07 10:01:00,54650,54700,54600,54600,12927,328064760950,62,False,False
2025-05-07 10:02:00,54700,54700,54600,54600,13365,328794943700,63,False,False
2025-05-07 10:03:00,54700,54700,54600,54650,10451,329366355050,64,False,False
2025-05-07 10:04:00,54700,54700,54600,54700,37884,331437764250,65,False,False
2025-05-07 10:05:00,54700,54700,54650,54650,18295,332438095950,66,False,False
2025-05-07 10:06:00,54650,54700,54600,54600,23753,333736255500,67,False,False
2025-05-07 10:07:00,54700,54700,54600,54700,11425,334360909600,68,False,False
2025-05-07 10:08:00,54700,54700,54600,54700,112313,340502875950,69,False,False
2025-05-07 10:09:00,54700,54700,54600,54700,54966,343508922950,70,False,False
2025-05-07 10:10:00,54700,54800,54600,54800,91969,348539819800,71,False,False
2025-05-07 10:11:00,54800,54800,54700,54700,5136,348821102950,72,False,False
2025-05-07 10:12:00,54800,54800,54700,54800,11037,349425783350,73,False,False
2025-05-07 10:13:00,54800,54800,54700,54800,5875,349747617200,74,False,False
2025-05-07 10:14:00,54700,54800,54700,54700,9597,350273439400,75,False,False
2025-05-07 10:15:00,54800,54800,54700,54800,16738,351190427450,76,False,False
2025-05-07 10:16:00,54800,54800,54700,54800,16977,352120111000,77,False,False
2025-05-07 10:17:00,54800,54800,54700,54800,12624,352811498350,78,False,False
2025-05-07 10:18:00,54800,54800,54700,54750,7814,353239329450,79,False,False
2025-05-07 10:19:00,54700,54800,54700,54700,19252,354293531250,80,False,False
2025-05-07 10:20:00,54750,54800,54700,54800,8851,354778023350,81,False,False
2025-05-07 10:21:00,54800,54800,54700,54800,18345,355782273700,82,False,False
2025-05-07 10:22:00,54700,54800,54700,54800,10353,356349060100,83,False,False
2025-05-07 10:23:00,54750,54800,54700,54800,15181,357180258000,84,False,False
2025-05-07 10:24:00,54750,54800,54700,54750,18157,358174531000,85,False,False
2025-05-07 10:25:00,54750,54800,54700,54800,24830,359534432650,86,False,False
2025-05-07 10:26:00,54800,54800,54700,54700,20487,360656139300,87,False,False
2025-05-07 10:27:00,54800,54800,54700,54700,11629,361293010850,88,False,False
2025-05-07 10:28:00,54700,54800,54700,54800,30864,362983726650,89,False,False
2025-05-07 10:29:00,54700,54800,54700,54800,12436,363664935250,90,False,False
2025-05-07 10:30:00,54750,54800,54700,54750,39592,365834118600,91,False,False
2025-05-07 10:31:00,54750,54800,54700,54800,15956,366707793300,92,False,False
2025-05-07 10:32:00,54800,54800,54700,54700,12612,367398621600,93,False,False
2025-05-07 10:33:00,54750,54800,54700,54750,72677,371374988250,94,False,False
2025-05-07 10:34:00,54700,54800,54600,54700,149239,379538693850,95,False,False
2025-05-07 10:35:00,54700,54700,54600,54650,25619,380939111150,96,False,False
2025-05-07 10:36:00,54650,54700,54650,54650,8790,381419681300,97,False,False
2025-05-07 10:37:00,54700,54700,54650,54650,10482,381992837650,98,False,False
2025-05-07 10:38:00,54650,54700,54600,54600,14108,382764239950,99,False,False
2025-05-07 10:39:00,54600,54700,54600,54650,16816,383683177400,100,False,False
2025-05-07 10:40:00,54600,54700,54600,54600,14034,384449947050,101,False,False
2025-05-07 10:41:00,54600,54700,54600,54700,7384,384853386150,102,False,False
2025-05-07 10:42:00,54700,54700,54600,54650,15737,385713846850,103,False,False
2025-05-07 10:43:00,54650,54700,54600,54600,24472,387052074700,104,False,False
2025-05-07 10:44:00,54650,54700,54600,54650,23280,388324916150,105,False,False
2025-05-07 10:45:00,54650,54700,54650,54700,16157,389208330350,106,False,False
2025-05-07 10:46:00,54650,54700,54650,54650,20607,390335355050,107,False,False
2025-05-07 10:47:00,54700,54700,54600,54700,25184,391712345850,108,False,False
2025-05-07 10:48:00,54650,54700,54600,54650,7483,392121441850,109,False,False
2025-05-07 10:49:00,54600,54650,54600,54600,14839,392932158700,110,False,False
2025-05-07 10:50:00,54600,54650,54600,54600,9322,393441311850,111,False,False
2025-05-07 10:51:00,54650,54700,54600,54600,33435,395267430300,112,False,False
2025-05-07 10:52:00,54600,54700,54600,54600,22240,396482189400,113,False,False
2025-05-07 10:53:00,54600,54650,54600,54650,18890,397513830150,114,False,False
2025-05-07 10:54:00,54650,54700,54500,54600,213652,409177887800,115,False,False
2025-05-07 10:55:00,54650,54650,54600,54600,12884,409881499350,116,False,False
2025-05-07 10:56:00,54650,54650,54500,54600,59874,413150191550,117,False,False
2025-05-07 10:57:00,54600,54600,54550,54550,9725,413681077550,118,False,False
2025-05-07 10:58:00,54550,54600,54550,54550,11947,414333204700,119,False,False
2025-05-07 10:59:00,54600,54700,54550,54650,99382,419759929350,120,False,False
2025-05-07 11:00:00,54650,54700,54600,54600,14000,420524614000,121,False,False
2025-05-07 11:01:00,54650,54700,54500,54600,82509,425029185050,122,False,False
2025-05-07 11:02:00,54550,54600,54500,54500,8502,425492898800,123,False,False
2025-05-07 11:03:00,54550,54550,54500,54500,8620,425962907000,124,False,False
2025-05-07 11:04:00,54500,54550,54500,54500,12153,426625406750,125,False,False
2025-05-07 11:05:00,54500,54600,54500,54500,9050,427118900850,126,False,False
2025-05-07 11:06:00,54500,54550,54500,54500,13126,427834645150,127,False,False
2025-05-07 11:07:00,54550,54600,54500,54500,9085,428329982450,128,False,False
2025-05-07 11:08:00,54550,54600,54500,54500,30282,429981118550,129,False,False
2025-05-07 11:09:00,54500,54600,54500,54500,17142,430915633450,130,False,False
2025-05-07 11:10:00,54500,54600,54500,54500,19821,431996337650,131,False,False
2025-05-07 11:11:00,54550,54600,54500,54500,29085,433581635700,132,False,False
2025-05-07 11:12:00,54600,54600,54500,54600,12141,434243828050,133,False,False
2025-05-07 11:13:00,54550,54600,54500,54500,16400,435138479350,134,False,False
2025-05-07 11:14:00,54550,54550,54500,54500,13286,435862652500,135,False,False
2025-05-07 11:15:00,54500,54600,54500,54550,17183,436799658200,136,False,False
2025-05-07 11:16:00,54550,54600,54500,54500,10639,437379713850,137,False,False
2025-05-07 11:17:00,54550,54600,54500,54500,16683,438289302300,138,False,False
2025-05-07 11:18:00,54500,54600,54500,54500,12892,438992115450,139,False,False
2025-05-07 11:19:00,54500,54600,54500,54500,24171,440309844650,140,False,False
2025-05-07 11:20:00,54550,54600,54500,54500,21876,441502322050,141,False,False
2025-05-07 11:21:00,54500,54600,54500,54500,12794,442199730200,142,False,False
2025-05-07 11:22:00,54500,54600,54500,54500,24830,443553226750,143,False,False
2025-05-07 11:23:00,54550,54550,54500,54500,10525,444126989850,144,False,False
2025-05-07 11:24:00,54500,54550,54400,54400,116549,450476200700,145,False,False
2025-05-07 11:25:00,54450,54450,54400,54450,30049,452111172700,146,False,False
2025-05-07 11:26:00,54450,54450,54400,54400,14624,452907066400,147,False,False
2025-05-07 11:27:00,54400,54500,54400,54400,9568,453427947600,148,False,False
2025-05-07 11:28:00,54450,54500,54400,54450,10492,453998907550,149,False,False
2025-05-07 11:29:00,54450,54500,54400,54450,12435,454675679300,150,False,False
2025-05-07 11:30:00,54400,54450,54400,54400,17752,455641547800,151,False,False
2025-05-07 11:31:00,54450,54450,54400,54450,43540,458010432800,152,False,False
2025-05-07 11:32:00,54400,54450,54400,54400,13486,458744261150,153,False,False
2025-05-07 11:33:00,54400,54450,54400,54400,20569,459863446650,154,False,False
2025-05-07 11:34:00,54400,54450,54300,54350,176752,469472699150,155,False,False
2025-05-07 11:35:00,54350,54400,54300,54300,14930,470284108750,156,False,False
2025-05-07 11:36:00,54300,54400,54300,54350,17019,471208729600,157,False,False
2025-05-07 11:37:00,54350,54400,54350,54400,19831,472286916750,158,False,False
2025-05-07 11:38:00,54400,54400,54350,54350,31656,474008278900,159,False,False
2025-05-07 11:39:00,54400,54400,54350,54350,16878,474925955800,160,False,False
2025-05-07 11:40:00,54350,54400,54350,54350,23622,476210410400,161,False,False
2025-05-07 11:41:00,54400,54400,54350,54400,24451,477539948050,162,False,False
2025-05-07 11:42:00,54400,54400,54350,54350,18291,478534579100,163,False,False
2025-05-07 11:43:00,54350,54400,54350,54400,18444,479537482050,164,False,False
2025-05-07 11:44:00,54350,54400,54350,54350,17474,480487687100,165,False,False
2025-05-07 11:45:00,54400,54400,54350,54400,18395,481487992350,166,False,False
2025-05-07 11:46:00,54350,54400,54350,54400,16189,482368486450,167,False,False
2025-05-07 11:47:00,54400,54400,54350,54400,74577,486424880750,168,False,False
2025-05-07 11:48:00,54400,54400,54300,54400,17233,487361964500,169,False,False
2025-05-07 11:49:00,54350,54400,54350,54400,17071,488290362650,170,False,False
2025-05-07 11:50:00,54400,54400,54350,54400,23958,489593256450,171,False,False
2025-05-07 11:51:00,54350,54400,54300,54400,9977,490135860900,172,False,False
2025-05-07 11:52:00,54400,54400,54300,54400,10232,490692239600,173,False,False
2025-05-07 11:53:00,54400,54400,54300,54350,8581,491158877050,174,False,False
2025-05-07 11:54:00,54350,54400,54300,54300,14933,491970853300,175,False,False
2025-05-07 11:55:00,54350,54400,54300,54300,8831,492450772850,176,False,False
2025-05-07 11:56:00,54300,54400,54300,54350,13581,493188729950,177,False,False
2025-05-07 11:57:00,54350,54400,54300,54300,12724,493880067500,178,False,False
2025-05-07 11:58:00,54350,54350,54300,54300,11397,494499145850,179,False,False
2025-05-07 11:59:00,54300,54400,54300,54300,16322,495386101200,180,False,False
2025-05-07 12:00:00,54300,54400,54300,54300,9234,495887779550,181,False,False
2025-05-07 12:01:00,54400,54400,54300,54300,11526,496514257950,182,False,False
2025-05-07 12:02:00,54300,54400,54300,54300,8624,496982887300,183,False,False
2025-05-07 12:03:00,54400,54400,54300,54350,12048,497637633300,184,False,False
2025-05-07 12:04:00,54350,54400,54300,54400,30754,499309663050,185,False,False
2025-05-07 12:05:00,54300,54400,54300,54300,9945,499850077750,186,False,False
2025-05-07 12:06:00,54400,54400,54300,54350,18301,500845336450,187,False,False
2025-05-07 12:07:00,54350,54400,54350,54400,21780,502029894850,188,False,False
2025-05-07 12:08:00,54350,54400,54350,54350,29156,503615761900,189,False,False
2025-05-07 12:09:00,54400,54400,54350,54350,11436,504237678150,190,False,False
2025-05-07 12:10:00,54350,54500,54350,54500,177123,513874137200,191,False,False
2025-05-07 12:11:00,54500,54500,54400,54450,6971,514253652550,192,False,False
2025-05-07 12:12:00,54400,54450,54400,54450,5466,514551232000,193,False,False
2025-05-07 12:13:00,54400,54500,54400,54500,6480,514904275750,194,False,False
2025-05-07 12:14:00,54500,54500,54400,54400,5718,515215812850,195,False,False
2025-05-07 12:15:00,54500,54500,54400,54400,8012,515652148500,196,False,False
2025-05-07 12:16:00,54400,54450,54400,54400,6495,516005740550,197,False,False
2025-05-07 12:17:00,54450,54450,54400,54400,28278,517544375000,198,False,False
2025-05-07 12:18:00,54400,54450,54400,54450,13421,518274789300,199,False,False
2025-05-07 12:19:00,54400,54500,54400,54400,10658,518854955450,200,False,False
2025-05-07 12:20:00,54450,54500,54400,54400,12081,519512447650,201,False,False
2025-05-07 12:21:00,54400,54450,54400,54450,8854,519994278550,202,False,False
2025-05-07 12:22:00,54450,54500,54400,54450,11427,520616183150,203,False,False
2025-05-07 12:23:00,54400,54500,54400,54500,11352,521233918750,204,False,False
2025-05-07 12:24:00,54400,54500,54400,54400,9689,521761408300,205,False,False
2025-05-07 12:25:00,54400,54500,54400,54400,14081,522527798400,206,False,False
2025-05-07 12:26:00,54400,54500,54400,54500,10245,523085343600,207,False,False
2025-05-07 12:27:00,54500,54500,54400,54400,11151,523692513000,208,False,False
2025-05-07 12:28:00,54500,54500,54300,54400,168596,532864325400,209,False,False
2025-05-07 12:29:00,54400,54400,54300,54400,26223,534289795000,210,False,False
2025-05-07 12:30:00,54400,54400,54350,54350,18131,535275837650,211,False,False
2025-05-07 12:31:00,54400,54400,54350,54350,8310,535727757300,212,False,False
2025-05-07 12:32:00,54350,54400,54300,54400,9900,536266015100,213,False,False
2025-05-07 12:33:00,54400,54400,54300,54400,6676,536628803150,214,False,False
2025-05-07 12:34:00,54300,54400,54300,54300,9699,537156163800,215,False,False
2025-05-07 12:35:00,54400,54400,54300,54400,9003,537645430200,216,False,False
2025-05-07 12:36:00,54300,54400,54300,54350,10096,538194343150,217,False,False
2025-05-07 12:37:00,54350,54400,54350,54400,7145,538582878450,218,False,False
2025-05-07 12:38:00,54350,54400,54350,54350,7754,539004569700,219,False,False
2025-05-07 12:39:00,54350,54400,54350,54350,8192,539450137650,220,False,False
2025-05-07 12:40:00,54400,54400,54300,54300,18833,540473569700,221,False,False
2025-05-07 12:41:00,54300,54400,54300,54300,19538,541534869250,222,False,False
2025-05-07 12:42:00,54400,54400,54300,54400,8908,542019106800,223,False,False
2025-05-07 12:43:00,54400,54400,54300,54300,12169,542680385050,224,False,False
2025-05-07 12:44:00,54300,54400,54300,54300,11298,543294472950,225,False,False
2025-05-07 12:45:00,54300,54400,54300,54400,16144,544171850900,226,False,False
2025-05-07 12:46:00,54350,54400,54300,54400,19999,545258665550,227,False,False
2025-05-07 12:47:00,54300,54400,54300,54400,15604,546106716200,228,False,False
2025-05-07 12:48:00,54300,54400,54300,54300,13623,546846982850,229,False,False
2025-05-07 12:49:00,54400,54400,54300,54350,8749,547322590100,230,False,False
2025-05-07 12:50:00,54350,54400,54350,54400,14847,548129971900,231,False,False
2025-05-07 12:51:00,54400,54400,54350,54400,9781,548661888100,232,False,False
2025-05-07 12:52:00,54400,54400,54350,54400,18006,549641041100,233,False,False
2025-05-07 12:53:00,54350,54400,54350,54350,15308,550473481850,234,False,False
2025-05-07 12:54:00,54400,54400,54300,54400,28853,552041321850,235,False,False
2025-05-07 12:55:00,54400,54400,54300,54350,14872,552849881900,236,False,False
2025-05-07 12:56:00,54350,54400,54300,54300,18455,553852920700,237,False,False
2025-05-07 12:57:00,54300,54350,54300,54300,14513,554641404600,238,False,False
2025-05-07 12:58:00,54300,54350,54300,54350,11382,555259657100,239,False,False
2025-05-07 12:59:00,54300,54400,54300,54300,14139,556027951300,240,False,False
2025-05-07 13:00:00,54350,54350,54300,54350,9988,556570493650,241,False,False
2025-05-07 13:01:00,54300,54350,54300,54350,42165,558860367100,242,False,False
2025-05-07 13:02:00,54350,54350,54300,54300,16599,559762071500,243,False,False
2025-05-07 13:03:00,54300,54350,54300,54350,12421,560436805550,244,False,False
2025-05-07 13:04:00,54350,54350,54300,54350,11961,561086604800,245,False,False
2025-05-07 13:05:00,54300,54400,54300,54350,18750,562105251800,246,False,False
2025-05-07 13:06:00,54350,54400,54300,54300,12133,562764428400,247,False,False
2025-05-07 13:07:00,54300,54350,54300,54300,12052,563419075000,248,False,False
2025-05-07 13:08:00,54350,54400,54300,54350,24177,564733361550,249,False,False
2025-05-07 13:09:00,54350,54400,54300,54350,19693,565803949200,250,False,False
2025-05-07 13:10:00,54350,54350,54300,54300,13808,566553910400,251,False,False
2025-05-07 13:11:00,54300,54400,54300,54400,10482,567123609050,252,False,False
2025-05-07 13:12:00,54350,54400,54350,54400,25686,568520205300,253,False,False
2025-05-07 13:13:00,54400,54400,54350,54350,16578,569421682950,254,False,False
2025-05-07 13:14:00,54400,54400,54350,54350,19405,570476908050,255,False,False
2025-05-07 13:15:00,54400,54400,54350,54350,31626,572196338600,256,False,False
2025-05-07 13:16:00,54400,54400,54350,54350,14897,573006393950,257,False,False
2025-05-07 13:17:00,54400,54400,54350,54350,17399,573952641200,258,False,False
2025-05-07 13:18:00,54400,54400,54350,54350,15968,574821110450,259,False,False
2025-05-07 13:19:00,54400,54400,54350,54400,17730,575785171800,260,False,False
2025-05-07 13:20:00,54350,54400,54300,54300,23782,577077603250,261,False,False
2025-05-07 13:21:00,54350,54350,54300,54300,10306,577637536400,262,False,False
2025-05-07 13:22:00,54300,54350,54300,54350,11247,578248587000,263,False,False
2025-05-07 13:23:00,54350,54400,54300,54350,13856,579001486150,264,False,False
2025-05-07 13:24:00,54350,54400,54300,54350,14921,579812665800,265,False,False
2025-05-07 13:25:00,54400,54400,54350,54350,21144,580962229600,266,False,False
2025-05-07 13:26:00,54400,54400,54350,54350,17137,581893951950,267,False,False
2025-05-07 13:27:00,54350,54400,54350,54350,35462,583822646650,268,False,False
2025-05-07 13:28:00,54350,54400,54350,54350,12299,584491523850,269,False,False
2025-05-07 13:29:00,54350,54400,54350,54400,22203,585698961400,270,False,False
2025-05-07 13:30:00,54400,54400,54350,54400,23894,586998223300,271,False,False
2025-05-07 13:31:00,54350,54400,54350,54400,16633,587902896500,272,False,False
2025-05-07 13:32:00,54400,54400,54350,54400,14323,588681844300,273,False,False
2025-05-07 13:33:00,54350,54400,54350,54400,13259,589402933300,274,False,False
2025-05-07 13:34:00,54400,54400,54350,54350,31788,591131955150,275,False,False
2025-05-07 13:35:00,54400,54400,54350,54400,19275,592180001200,276,False,False
2025-05-07 13:36:00,54350,54400,54350,54400,15382,593016516900,277,False,False
2025-05-07 13:37:00,54400,54400,54350,54400,11826,593659692450,278,False,False
2025-05-07 13:38:00,54350,54400,54300,54300,17201,594594806550,279,False,False
2025-05-07 13:39:00,54350,54350,54300,54350,13749,595341811000,280,False,False
2025-05-07 13:40:00,54350,54350,54300,54300,14784,596144822500,281,False,False
2025-05-07 13:41:00,54350,54350,54300,54300,11368,596762464950,282,False,False
2025-05-07 13:42:00,54350,54400,54300,54350,14887,597571889800,283,False,False
2025-05-07 13:43:00,54350,54400,54350,54350,12077,598228648750,284,False,False
2025-05-07 13:44:00,54350,54400,54350,54400,19943,599313334250,285,False,False
2025-05-07 13:45:00,54350,54400,54300,54300,20953,600451767700,286,False,False
2025-05-07 13:46:00,54300,54350,54300,54300,13695,601195773300,287,False,False
2025-05-07 13:47:00,54350,54350,54300,54350,10604,601771886700,288,False,False
2025-05-07 13:48:00,54350,54400,54300,54300,12850,602470338050,289,False,False
2025-05-07 13:49:00,54400,54400,54300,54350,14748,603272016700,290,False,False
2025-05-07 13:50:00,54350,54400,54300,54300,18874,604297630300,291,False,False
2025-05-07 13:51:00,54300,54350,54300,54300,65753,607868531200,292,False,False
2025-05-07 13:52:00,54350,54350,54300,54300,20940,609005820450,293,False,False
2025-05-07 13:53:00,54300,54400,54300,54400,18527,610012333700,294,False,False
2025-05-07 13:54:00,54350,54400,54300,54350,16343,610900943450,295,False,False
2025-05-07 13:55:00,54350,54400,54300,54300,21396,612063209600,296,False,False
2025-05-07 13:56:00,54300,54400,54300,54300,14953,612875526800,297,False,False
2025-05-07 13:57:00,54300,54400,54300,54400,14296,613652388750,298,False,False
2025-05-07 13:58:00,54300,54400,54300,54350,13778,614400862900,299,False,False
2025-05-07 13:59:00,54350,54350,54300,54300,25245,615772216600,300,False,False
2025-05-07 14:00:00,54350,54400,54300,54300,24877,617123444200,301,False,False
2025-05-07 14:01:00,54350,54350,54300,54300,16877,618040027050,302,False,False
2025-05-07 14:02:00,54300,54400,54300,54400,21441,619205384500,303,False,False
2025-05-07 14:03:00,54300,54400,54300,54350,8818,619684436350,304,False,False
2025-05-07 14:04:00,54300,54400,54300,54400,10352,620247263400,305,False,False
2025-05-07 14:05:00,54400,54400,54300,54300,20195,621344923200,306,False,False
2025-05-07 14:06:00,54350,54400,54300,54300,8682,621816602850,307,False,False
2025-05-07 14:07:00,54300,54400,54300,54300,22642,623046413050,308,False,False
2025-05-07 14:08:00,54350,54400,54300,54300,15961,623913275600,309,False,False
2025-05-07 14:09:00,54300,54400,54300,54400,17465,624862212500,310,False,False
2025-05-07 14:10:00,54300,54400,54300,54300,19320,625911712500,311,False,False
2025-05-07 14:11:00,54300,54400,54300,54300,19085,626948772750,312,False,False
2025-05-07 14:12:00,54350,54400,54300,54400,9600,627470633600,313,False,False
2025-05-07 14:13:00,54300,54400,54300,54300,29384,629068178150,314,False,False
2025-05-07 14:14:00,54350,54400,54300,54400,19320,630118187950,315,False,False
2025-05-07 14:15:00,54400,54400,54300,54300,14581,630910275250,316,False,False
2025-05-07 14:16:00,54300,54400,54300,54300,12941,631613397000,317,False,False
2025-05-07 14:17:00,54400,54400,54300,54400,12175,632274946050,318,False,False
2025-05-07 14:18:00,54300,54400,54300,54400,16890,633192908400,319,False,False
2025-05-07 14:19:00,54350,54400,54300,54400,31381,634898471800,320,False,False
2025-05-07 14:20:00,54350,54400,54300,54300,17113,635828456500,321,False,False
2025-05-07 14:21:00,54350,54400,54300,54400,16394,636719459600,322,False,False
2025-05-07 14:22:00,54400,54400,54300,54400,16179,637598780250,323,False,False
2025-05-07 14:23:00,54300,54400,54300,54400,22962,638846652050,324,False,False
2025-05-07 14:24:00,54300,54400,54300,54400,11505,639471810950,325,False,False
2025-05-07 14:25:00,54300,54400,54300,54350,18274,640464892450,326,False,False
2025-05-07 14:26:00,54400,54400,54300,54300,13175,641180737750,327,False,False
2025-05-07 14:27:00,54400,54400,54300,54300,19266,642227955600,328,False,False
2025-05-07 14:28:00,54300,54400,54300,54300,25699,643624445900,329,False,False
2025-05-07 14:29:00,54300,54400,54300,54300,19290,644672375300,330,False,False
2025-05-07 14:30:00,54300,54400,54300,54300,19609,645737723800,331,False,False
2025-05-07 14:31:00,54400,54400,54300,54400,18543,646745045950,332,False,False
2025-05-07 14:32:00,54300,54400,54300,54300,14991,647559527750,333,False,False
2025-05-07 14:33:00,54350,54400,54300,54300,43273,649909501900,334,False,False
2025-05-07 14:34:00,54300,54400,54300,54300,50169,652636848200,335,False,False
2025-05-07 14:35:00,54350,54400,54300,54300,17496,653587523800,336,False,False
2025-05-07 14:36:00,54300,54400,54300,54300,16808,654500629400,337,False,False
2025-05-07 14:37:00,54300,54350,54300,54300,22511,655723323750,338,False,False
2025-05-07 14:38:00,54300,54400,54300,54300,13740,656469632200,339,False,False
2025-05-07 14:39:00,54300,54400,54300,54350,17932,657444054700,340,False,False
2025-05-07 14:40:00,54300,54400,54300,54300,17080,658371823300,341,False,False
2025-05-07 14:41:00,54300,54350,54300,54300,16659,659276910950,342,False,False
2025-05-07 14:42:00,54300,54400,54300,54300,72922,663241213800,343,False,False
2025-05-07 14:43:00,54350,54400,54300,54300,35408,665165680200,344,False,False
2025-05-07 14:44:00,54300,54400,54300,54300,22263,666375261400,345,False,False
2025-05-07 14:45:00,54350,54400,54300,54300,23322,667641951650,346,False,False
2025-05-07 14:46:00,54300,54350,54300,54300,27014,669109371500,347,False,False
2025-05-07 14:47:00,54350,54350,54300,54300,15648,669959323000,348,False,False
2025-05-07 14:48:00,54300,54350,54300,54350,34675,671842812150,349,False,False
2025-05-07 14:49:00,54300,54400,54300,54300,72828,675802792600,350,False,False
2025-05-07 14:50:00,54300,54400,54300,54300,15954,676669543850,351,False,False
2025-05-07 14:51:00,54300,54400,54300,54350,14702,677468499750,352,False,False
2025-05-07 14:52:00,54300,54400,54300,54300,22194,678674839450,353,False,False
2025-05-07 14:53:00,54350,54400,54300,54300,23245,679938097150,354,False,False
2025-05-07 14:54:00,54300,54400,54300,54300,22232,681146358650,355,False,False
2025-05-07 14:55:00,54350,54400,54300,54400,36400,683125033800,356,False,False
2025-05-07 14:56:00,54300,54400,54300,54400,83863,687686419300,357,False,False
2025-05-07 14:57:00,54400,54400,54350,54350,19042,688722109950,358,False,False
2025-05-07 14:58:00,54400,54500,54350,54450,389817,709932642750,359,False,False
2025-05-07 14:59:00,54450,54500,54450,54450,49198,712613850150,360,False,False
2025-05-07 15:00:00,54500,54500,54450,54500,34514,714494798050,361,False,True
2025-05-07 15:01:00,54500,54500,54450,54500,14093,715262824200,362,False,True
2025-05-07 15:02:00,54500,54600,54450,54600,243529,728537589850,363,False,True
2025-05-07 15:03:00,54600,54600,54500,54500,44470,730964422400,364,False,True
2025-05-07 15:04:00,54500,54600,54500,54500,23514,732247516900,365,False,True
2025-05-07 15:05:00,54600,54600,54500,54500,19474,733310049250,366,False,True
2025-05-07 15:06:00,54500,54600,54500,54600,43910,735706470150,367,False,True
2025-05-07 15:07:00,54600,54600,54500,54550,36405,737692554950,368,False,True
2025-05-07 15:08:00,54600,54600,54500,54550,29053,739277838100,369,False,True
2025-05-07 15:09:00,54550,54600,54500,54600,32758,741064796550,370,False,True
2025-05-07 15:10:00,54500,54600,54500,54600,96580,746336881300,371,False,True
2025-05-07 15:11:00,54600,54700,54500,54700,118657,752817093500,372,False,True
2025-05-07 15:12:00,54600,54700,54600,54700,57681,755969136700,373,False,True
2025-05-07 15:13:00,54700,54700,54500,54500,216660,767797877200,374,False,True
2025-05-07 15:14:00,54500,54600,54500,54500,29667,769415286300,375,False,True
2025-05-07 15:15:00,54550,54600,54500,54500,31461,771131281550,376,False,True
2025-05-07 15:16:00,54500,54600,54500,54500,51716,773952792650,377,False,True
2025-05-07 15:17:00,54500,54600,54500,54600,40799,776179091650,378,False,True
2025-05-07 15:18:00,54550,54600,54500,54500,43089,778530382600,379,False,True
2025-05-07 15:19:00,54600,54700,54500,54700,98946,783937479450,380,False,True
2025-05-07 15:30:00,54600,54600,54600,54600,2584184,925033925850,391,False,True
2025-05-08 09:00:00,55100,55200,55000,55000,679121,37449232700,1,True,False
2025-05-08 09:01:00,55100,55300,55050,55200,156669,46090242500,2,True,False
2025-05-08 09:02:00,55300,55300,55200,55250,100845,51665389700,3,True,False
2025-05-08 09:03:00,55250,55300,55100,55250,130548,58871387500,4,True,False
2025-05-08 09:04:00,55200,55300,55100,55150,84303,63525440900,5,True,False
2025-05-08 09:05:00,55150,55200,55100,55150,43344,65917090100,6,True,False
2025-05-08 09:06:00,55150,55200,55100,55100,32518,67711929000,7,True,False
2025-05-08 09:07:00,55200,55300,55100,55200,210334,79322609350,8,True,False
2025-05-08 09:08:00,55200,55400,55100,55300,261174,93751515800,9,True,False
2025-05-08 09:09:00,55400,55400,55300,55400,49191,96472595250,10,True,False
2025-05-08 09:10:00,55400,55400,55300,55400,11798,97125490200,11,True,False
2025-05-08 09:11:00,55300,55500,55300,55400,157228,105835504750,12,True,False
2025-05-08 09:12:00,55400,55400,55250,55250,103666,111569312700,13,True,False
2025-05-08 09:13:00,55300,55300,55200,55300,16040,112455942600,14,True,False
2025-05-08 09:14:00,55300,55300,55200,55200,38808,114601104650,15,True,False
2025-05-08 09:15:00,55250,55300,55200,55200,148108,122777571900,16,True,False
2025-05-08 09:16:00,55200,55300,55100,55100,96247,128090287100,17,True,False
2025-05-08 09:17:00,55200,55200,55100,55150,8459,128556949950,18,True,False
2025-05-08 09:18:00,55100,55200,55100,55100,12537,129248522650,19,True,False
2025-05-08 09:19:00,55100,55200,55100,55100,16502,130158536300,20,True,False
2025-05-08 09:20:00,55150,55150,55000,55100,102168,135787518950,21,True,False
2025-05-08 09:21:00,55100,55200,55000,55100,44427,138235276700,22,True,False
2025-05-08 09:22:00,55100,55200,55000,55100,53091,141160579000,23,True,False
2025-05-08 09:23:00,55100,55100,55000,55000,11002,141766403200,24,True,False
2025-05-08 09:24:00,55000,55100,55000,55000,11804,142416142350,25,True,False
2025-05-08 09:25:00,55000,55100,55000,55000,11382,143042498100,26,True,False
2025-05-08 09:26:00,55000,55050,54900,55000,143913,150957500300,27,True,False
2025-05-08 09:27:00,55000,55100,54950,55000,64446,154502122050,28,True,False
2025-05-08 09:28:00,55050,55100,54900,55000,69954,158349478900,29,True,False
2025-05-08 09:29:00,55000,55000,54900,54900,9514,158872500250,30,True,False
2025-05-08 09:30:00,54950,55000,54900,54950,25897,160295063700,31,True,False
2025-05-08 09:31:00,54950,55000,54900,55000,17190,161239235050,32,False,False
2025-05-08 09:32:00,54950,55000,54900,54950,18303,162244611000,33,False,False
2025-05-08 09:33:00,54900,55000,54900,54900,19509,163316296250,34,False,False
2025-05-08 09:34:00,55000,55000,54900,55000,13255,164044405850,35,False,False
2025-05-08 09:35:00,55000,55000,54900,54950,14212,164824901450,36,False,False
2025-05-08 09:36:00,54900,54950,54800,54850,113214,171039260900,37,False,False
2025-05-08 09:37:00,54850,54900,54800,54800,18475,172052442400,38,False,False
2025-05-08 09:38:00,54800,54900,54700,54800,112716,178229143900,39,False,False
2025-05-08 09:39:00,54800,54900,54700,54800,60315,181534470050,40,False,False
2025-05-08 09:40:00,54900,54900,54800,54850,7734,181958715050,41,False,False
2025-05-08 09:41:00,54800,54900,54800,54800,50187,184709136550,42,False,False
2025-05-08 09:42:00,54800,54900,54800,54800,21868,185907755900,43,False,False
2025-05-08 09:43:00,54800,54900,54700,54800,80842,190337521800,44,False,False
2025-05-08 09:44:00,54800,54800,54700,54750,19851,191425229350,45,False,False
2025-05-08 09:45:00,54750,54800,54700,54800,64105,194937988950,46,False,False
2025-05-08 09:46:00,54800,54900,54750,54800,49743,197663990100,47,False,False
2025-05-08 09:47:00,54800,54900,54700,54700,37427,199714593250,48,False,False
2025-05-08 09:48:00,54700,54800,54700,54750,7517,200125948950,49,False,False
2025-05-08 09:49:00,54700,54800,54700,54700,13582,200869606250,50,False,False
2025-05-08 09:50:00,54700,54800,54700,54800,18697,201893639850,51,False,False
2025-05-08 09:51:00,54700,54800,54700,54750,17523,202852853950,52,False,False
2025-05-08 09:52:00,54750,54800,54700,54800,118911,209367182300,53,False,False
2025-05-08 09:53:00,54800,54900,54700,54800,93732,214503379800,54,False,False
2025-05-08 09:54:00,54800,54800,54700,54800,10793,215094677400,55,False,False
2025-05-08 09:55:00,54800,54800,54700,54800,7355,215497309300,56,False,False
2025-05-08 09:56:00,54750,54900,54700,54900,75667,219643808250,57,False,False
2025-05-08 09:57:00,54900,55000,54800,55000,98582,225055930900,58,False,False
2025-05-08 09:58:00,54900,55000,54900,54950,10610,225638882800,59,False,False
2025-05-08 09:59:00,54900,54950,54900,54900,5437,225937487750,60,False,False
2025-05-08 10:00:00,54900,55000,54900,55000,20214,227047700150,61,False,False
2025-05-08 10:01:00,54900,55000,54900,54900,9710,227581178950,62,False,False
2025-05-08 10:02:00,55000,55000,54900,55000,3386,227767212950,63,False,False
2025-05-08 10:03:00,54900,55000,54900,54900,7650,228187571150,64,False,False
2025-05-08 10:04:00,54950,54950,54900,54950,8373,228647396850,65,False,False
2025-05-08 10:05:00,54900,55000,54900,54900,43343,231027181600,66,False,False
2025-05-08 10:06:00,54900,54950,54800,54900,76059,235202565600,67,False,False
2025-05-08 10:07:00,54850,55000,54850,54950,61276,238566564150,68,False,False
2025-05-08 10:08:00,54900,55000,54900,55000,6880,238944560100,69,False,False
2025-05-08 10:09:00,54900,55000,54900,54900,7286,239344778500,70,False,False
2025-05-08 10:10:00,55000,55000,54900,55000,18631,240368737700,71,False,False
2025-05-08 10:11:00,55000,55000,54900,54950,30915,242068534500,72,False,False
2025-05-08 10:12:00,54950,55000,54950,54950,13111,242789291150,73,False,False
2025-05-08 10:13:00,55000,55000,54900,54900,9924,243334708550,74,False,False
2025-05-08 10:14:00,55000,55000,54900,55000,13349,244068054200,75,False,False
2025-05-08 10:15:00,54900,55000,54900,54900,18097,245062793650,76,False,False
2025-05-08 10:16:00,54900,55000,54900,54900,14990,245886242250,77,False,False
2025-05-08 10:17:00,54900,55000,54900,55000,11104,246496089500,78,False,False
2025-05-08 10:18:00,55000,55000,54900,54900,9940,247042092600,79,False,False
2025-05-08 10:19:00,54900,55000,54900,54900,8559,247512415250,80,False,False
2025-05-08 10:20:00,54900,55000,54900,54900,6501,247869499400,81,False,False
2025-05-08 10:21:00,54950,55000,54900,54900,21096,249028430350,82,False,False
2025-05-08 10:22:00,55000,55000,54900,54900,9032,249524481650,83,False,False
2025-05-08 10:23:00,54950,55000,54900,54900,10742,250114566450,84,False,False
2025-05-08 10:24:00,54900,55000,54900,54900,9984,250663075550,85,False,False
2025-05-08 10:25:00,54900,55000,54900,54900,14514,251460601700,86,False,False
2025-05-08 10:26:00,54900,55000,54900,54950,20258,252573548550,87,False,False
2025-05-08 10:27:00,54900,54950,54800,54800,86628,257329019050,88,False,False
2025-05-08 10:28:00,54900,54900,54800,54800,21830,258526534350,89,False,False
2025-05-08 10:29:00,54850,54850,54700,54750,108620,264478393450,90,False,False
2025-05-08 10:30:00,54800,54800,54750,54800,19530,265548494750,91,False,False
2025-05-08 10:31:00,54800,54800,54700,54800,20694,266681520550,92,False,False
2025-05-08 10:32:00,54800,54800,54700,54800,14186,267458748900,93,False,False
2025-05-08 10:33:00,54800,54900,54700,54900,73814,271503832000,94,False,False
2025-05-08 10:34:00,54850,54900,54700,54800,36258,273490629750,95,False,False
2025-05-08 10:35:00,54750,54800,54700,54800,19498,274558988850,96,False,False
2025-05-08 10:36:00,54800,54800,54750,54800,9350,275071230750,97,False,False
2025-05-08 10:37:00,54750,54800,54750,54750,15558,275923659200,98,False,False
2025-05-08 10:38:00,54800,54800,54750,54800,19629,276999187700,99,False,False
2025-05-08 10:39:00,54750,54800,54750,54800,16342,277894626950,100,False,False
2025-05-08 10:40:00,54800,54800,54750,54750,9330,278405822600,101,False,False
2025-05-08 10:41:00,54750,54800,54750,54800,6577,278766135750,102,False,False
2025-05-08 10:42:00,54800,54800,54750,54800,9995,279313609400,103,False,False
2025-05-08 10:43:00,54750,54800,54750,54750,7450,279721610500,104,False,False
2025-05-08 10:44:00,54750,54800,54700,54700,12802,280422835100,105,False,False
2025-05-08 10:45:00,54800,54800,54700,54700,6797,280795075100,106,False,False
2025-05-08 10:46:00,54800,54800,54700,54750,14241,281575270400,107,False,False
2025-05-08 10:47:00,54750,54800,54700,54700,10428,282146198300,108,False,False
2025-05-08 10:48:00,54800,54800,54700,54700,6408,282496927100,109,False,False
2025-05-08 10:49:00,54800,54800,54700,54800,12264,283168325950,110,False,False
2025-05-08 10:50:00,54750,54800,54700,54800,10443,283740229450,111,False,False
2025-05-08 10:51:00,54800,54800,54700,54750,15278,284577255800,112,False,False
2025-05-08 10:52:00,54750,54800,54750,54800,11902,285229267250,113,False,False
2025-05-08 10:53:00,54750,54800,54700,54700,15835,286096662200,114,False,False
2025-05-08 10:54:00,54800,54800,54700,54800,15762,286960190200,115,False,False
2025-05-08 10:55:00,54800,54800,54750,54800,18533,287975627500,116,False,False
2025-05-08 10:56:00,54800,54800,54700,54800,24496,289317514250,117,False,False
2025-05-08 10:57:00,54800,54800,54700,54800,8243,289769024000,118,False,False
2025-05-08 10:58:00,54700,54800,54700,54700,10795,290360272200,119,False,False
2025-05-08 10:59:00,54700,54800,54700,54700,17220,291302685500,120,False,False
2025-05-08 11:00:00,54800,54800,54700,54700,6008,291631539750,121,False,False
2025-05-08 11:01:00,54700,54800,54700,54700,11238,292246765250,122,False,False
2025-05-08 11:02:00,54700,54800,54700,54800,9003,292739397250,123,False,False
2025-05-08 11:03:00,54750,54800,54700,54750,11921,293392071050,124,False,False
2025-05-08 11:04:00,54750,54800,54750,54750,15515,294242000100,125,False,False
2025-05-08 11:05:00,54750,54800,54750,54750,11630,294879055100,126,False,False
2025-05-08 11:06:00,54800,54800,54750,54750,9908,295421830050,127,False,False
2025-05-08 11:07:00,54800,54800,54750,54800,9214,295926492350,128,False,False
2025-05-08 11:08:00,54750,54800,54700,54800,23657,297222117700,129,False,False
2025-05-08 11:09:00,54700,54800,54700,54700,9077,297718848100,130,False,False
2025-05-08 11:10:00,54750,54800,54700,54700,16519,298623272500,131,False,False
2025-05-08 11:11:00,54700,54800,54700,54700,8532,299090565600,132,False,False
2025-05-08 11:12:00,54700,54800,54700,54700,8364,299548703250,133,False,False
2025-05-08 11:13:00,54700,54800,54700,54700,16832,300470347250,134,False,False
2025-05-08 11:14:00,54700,54800,54700,54700,43056,302825750050,135,False,False
2025-05-08 11:15:00,54700,54750,54700,54700,11395,303449231250,136,False,False
2025-05-08 11:16:00,54750,54750,54700,54700,11163,304059925600,137,False,False
2025-05-08 11:17:00,54700,54800,54700,54700,10551,304637224700,138,False,False
2025-05-08 11:18:00,54750,54800,54700,54700,11852,305285749450,139,False,False
2025-05-08 11:19:00,54700,54800,54700,54700,41340,307547542750,140,False,False
2025-05-08 11:20:00,54700,54800,54700,54700,11043,308151907650,141,False,False
2025-05-08 11:21:00,54700,54800,54700,54750,7849,308581489100,142,False,False
2025-05-08 11:22:00,54750,54800,54750,54750,26548,310035973750,143,False,False
2025-05-08 11:23:00,54750,54800,54750,54800,19759,311118493850,144,False,False
2025-05-08 11:24:00,54750,54800,54750,54750,9674,311648359000,145,False,False
2025-05-08 11:25:00,54750,54900,54750,54850,163507,320608588700,146,False,False
2025-05-08 11:26:00,54900,54900,54700,54750,45926,323125882050,147,False,False
2025-05-08 11:27:00,54750,54800,54750,54800,20909,324271591800,148,False,False
2025-05-08 11:28:00,54800,54800,54750,54800,5108,324551386700,149,False,False
2025-05-08 11:29:00,54800,54800,54750,54800,15083,325377806550,150,False,False
2025-05-08 11:30:00,54750,54800,54750,54800,13235,326102959200,151,False,False
2025-05-08 11:31:00,54800,54900,54750,54800,63484,329582968200,152,False,False
2025-05-08 11:32:00,54800,54850,54800,54850,3830,329792880150,153,False,False
2025-05-08 11:33:00,54800,54900,54800,54850,6672,330158779450,154,False,False
2025-05-08 11:34:00,54800,54850,54800,54800,2981,330322148050,155,False,False
2025-05-08 11:35:00,54850,54850,54800,54850,5852,330643023250,156,False,False
2025-05-08 11:36:00,54800,54850,54800,54800,5233,330929941900,157,False,False
2025-05-08 11:37:00,54850,54850,54800,54850,4179,331159000800,158,False,False
2025-05-08 11:38:00,54800,54850,54800,54850,6133,331495243700,159,False,False
2025-05-08 11:39:00,54800,54850,54800,54850,4269,331729219450,160,False,False
2025-05-08 11:40:00,54800,54850,54800,54850,7252,332126851450,161,False,False
2025-05-08 11:41:00,54850,54850,54800,54850,4869,332393778950,162,False,False
2025-05-08 11:42:00,54850,54850,54800,54800,12815,333096439500,163,False,False
2025-05-08 11:43:00,54800,54850,54700,54750,103995,338794943750,164,False,False
2025-05-08 11:44:00,54800,54800,54750,54800,7467,339203999050,165,False,False
2025-05-08 11:45:00,54750,54800,54750,54800,6140,339540367750,166,False,False
2025-05-08 11:46:00,54800,54800,54750,54800,6647,339904449750,167,False,False
2025-05-08 11:47:00,54750,54800,54700,54700,7719,340327088150,168,False,False
2025-05-08 11:48:00,54700,54800,54700,54800,6021,340656700150,169,False,False
2025-05-08 11:49:00,54800,54800,54700,54700,9240,341162463100,170,False,False
2025-05-08 11:50:00,54700,54800,54700,54700,8712,341639237100,171,False,False
2025-05-08 11:51:00,54700,54750,54700,54700,5615,341946411400,172,False,False
2025-05-08 11:52:00,54700,54750,54700,54700,8044,342386617200,173,False,False
2025-05-08 11:53:00,54750,54750,54700,54750,7090,342774564300,174,False,False
2025-05-08 11:54:00,54750,54750,54700,54750,9555,343297422950,175,False,False
2025-05-08 11:55:00,54750,54750,54700,54700,6137,343633220350,176,False,False
2025-05-08 11:56:00,54700,54750,54700,54750,12511,344317794400,177,False,False
2025-05-08 11:57:00,54750,54750,54700,54700,9868,344857784600,178,False,False
2025-05-08 11:58:00,54700,54750,54700,54750,28690,346427214800,179,False,False
2025-05-08 11:59:00,54700,54750,54700,54750,10619,347008431200,180,False,False
2025-05-08 12:00:00,54700,54750,54700,54700,8830,347491583750,181,False,False
2025-05-08 12:01:00,54700,54800,54700,54800,13295,348219343050,182,False,False
2025-05-08 12:02:00,54750,54800,54750,54800,15837,349087038450,183,False,False
2025-05-08 12:03:00,54800,54900,54750,54900,224242,361375835150,184,False,False
2025-05-08 12:04:00,54900,54900,54800,54800,8108,361820395100,185,False,False
2025-05-08 12:05:00,54800,54850,54800,54800,7872,362252074300,186,False,False
2025-05-08 12:06:00,54800,54850,54800,54800,8593,362723183450,187,False,False
2025-05-08 12:07:00,54800,54850,54700,54700,74157,366786651400,188,False,False
2025-05-08 12:08:00,54700,54800,54700,54700,18092,367777401350,189,False,False
2025-05-08 12:09:00,54700,54800,54700,54800,10037,368326808200,190,False,False
2025-05-08 12:10:00,54800,54800,54700,54800,8302,368781351150,191,False,False
2025-05-08 12:11:00,54800,54800,54750,54750,10098,369334576350,192,False,False
2025-05-08 12:12:00,54750,54800,54750,54800,8175,369782459400,193,False,False
2025-05-08 12:13:00,54750,54800,54750,54800,34718,371684812600,194,False,False
2025-05-08 12:14:00,54800,54850,54750,54800,82745,376220152700,195,False,False
2025-05-08 12:15:00,54800,54850,54800,54850,5410,376516775500,196,False,False
2025-05-08 12:16:00,54850,54850,54800,54800,4859,376783168150,197,False,False
2025-05-08 12:17:00,54850,54900,54800,54850,9805,377320976500,198,False,False
2025-05-08 12:18:00,54850,54850,54800,54850,8369,377779885400,199,False,False
2025-05-08 12:19:00,54800,54850,54800,54800,6196,378119586650,200,False,False
2025-05-08 12:20:00,54850,54900,54800,54800,15159,378950781250,201,False,False
2025-05-08 12:21:00,54900,54900,54800,54850,8148,379397528800,202,False,False
2025-05-08 12:22:00,54800,54900,54800,54900,13720,380150231900,203,False,False
2025-05-08 12:23:00,54900,54900,54850,54850,13534,380893022500,204,False,False
2025-05-08 12:24:00,54900,54900,54850,54900,9539,381416536850,205,False,False
2025-05-08 12:25:00,54850,54900,54850,54850,12160,382083958100,206,False,False
2025-05-08 12:26:00,54900,54900,54850,54900,10456,382657798250,207,False,False
2025-05-08 12:27:00,54850,54900,54850,54850,22004,383865431400,208,False,False
2025-05-08 12:28:00,54900,54900,54850,54850,11449,384493697650,209,False,False
2025-05-08 12:29:00,54900,54900,54850,54900,13155,385215712250,210,False,False
2025-05-08 12:30:00,54900,54900,54800,54850,18489,386229773400,211,False,False
2025-05-08 12:31:00,54850,54900,54800,54800,8214,386680388300,212,False,False
2025-05-08 12:32:00,54800,54900,54800,54900,8130,387126386800,213,False,False
2025-05-08 12:33:00,54900,54900,54800,54900,5333,387418944950,214,False,False
2025-05-08 12:34:00,54800,54900,54800,54900,10757,388009372250,215,False,False
2025-05-08 12:35:00,54900,54900,54800,54800,6876,388386653600,216,False,False
2025-05-08 12:36:00,54800,54900,54800,54900,10196,388945921450,217,False,False
2025-05-08 12:37:00,54800,54900,54800,54900,9443,389463874200,218,False,False
2025-05-08 12:38:00,54800,54900,54800,54850,31947,391217456950,219,False,False
2025-05-08 12:39:00,54850,54900,54850,54850,14514,392014043550,220,False,False
2025-05-08 12:40:00,54850,54900,54800,54850,17148,392954718300,221,False,False
2025-05-08 12:41:00,54800,54850,54800,54800,12985,393666670200,222,False,False
2025-05-08 12:42:00,54800,54850,54800,54850,9893,394209003200,223,False,False
2025-05-08 12:43:00,54800,54850,54800,54850,12943,394918683000,224,False,False
2025-05-08 12:44:00,54850,54850,54800,54850,11393,395543310050,225,False,False
2025-05-08 12:45:00,54850,54900,54800,54850,20271,396655061550,226,False,False
2025-05-08 12:46:00,54800,54850,54800,54800,12669,397349651500,227,False,False
2025-05-08 12:47:00,54850,54850,54800,54800,15451,398196772300,228,False,False
2025-05-08 12:48:00,54850,54850,54800,54800,14689,399002146400,229,False,False
2025-05-08 12:49:00,54850,54850,54800,54800,14824,399814927450,230,False,False
2025-05-08 12:50:00,54800,54850,54800,54800,13947,400579552950,231,False,False
2025-05-08 12:51:00,54850,54850,54800,54850,41708,402865431450,232,False,False
2025-05-08 12:52:00,54850,54850,54800,54800,20419,403984892800,233,False,False
2025-05-08 12:53:00,54800,54850,54800,54850,8065,404427015000,234,False,False
2025-05-08 12:54:00,54850,54850,54800,54800,12343,405103708200,235,False,False
2025-05-08 12:55:00,54800,54900,54800,54900,145574,413094885500,236,False,False
2025-05-08 12:56:00,54850,54900,54850,54900,74851,417204122150,237,False,False
2025-05-08 12:57:00,54900,55000,54850,55000,129731,424328951900,238,False,False
2025-05-08 12:58:00,55000,55000,54900,54950,7779,424756341700,239,False,False
2025-05-08 12:59:00,54900,54950,54900,54900,8870,425243643400,240,False,False
2025-05-08 13:00:00,54900,54950,54900,54900,7896,425677385850,241,False,False
2025-05-08 13:01:00,54950,54950,54900,54950,11879,426329978150,242,False,False
2025-05-08 13:02:00,54950,54950,54900,54950,11547,426964300700,243,False,False
2025-05-08 13:03:00,54900,55000,54900,54900,6819,427338948800,244,False,False
2025-05-08 13:04:00,54950,55000,54900,54950,24161,428667198900,245,False,False
2025-05-08 13:05:00,55000,55000,54950,55000,20820,429811921650,246,False,False
2025-05-08 13:06:00,55000,55000,54950,54950,37241,431859368950,247,False,False
2025-05-08 13:07:00,54950,55000,54950,54950,13712,432613074800,248,False,False
2025-05-08 13:08:00,55000,55000,54900,55000,38512,434729893400,249,False,False
2025-05-08 13:09:00,54900,55000,54900,54900,13005,435444394150,250,False,False
2025-05-08 13:10:00,55000,55000,54900,55000,8345,435903013600,251,False,False
2025-05-08 13:11:00,54900,55000,54900,54900,10803,436496767550,252,False,False
2025-05-08 13:12:00,55000,55000,54900,55000,12386,437177681900,253,False,False
2025-05-08 13:13:00,55000,55000,54950,54950,21901,438381949800,254,False,False
2025-05-08 13:14:00,55000,55000,54900,55000,14386,439172664750,255,False,False
2025-05-08 13:15:00,55000,55000,54900,55000,13619,439921126400,256,False,False
2025-05-08 13:16:00,54900,55000,54900,55000,9853,440462570900,257,False,False
2025-05-08 13:17:00,54900,55000,54900,54900,8334,440920516050,258,False,False
2025-05-08 13:18:00,55000,55000,54900,54950,10064,441473339050,259,False,False
2025-05-08 13:19:00,54950,54950,54900,54900,14187,442252337800,260,False,False
2025-05-08 13:20:00,54900,55000,54900,54900,14057,443024337250,261,False,False
2025-05-08 13:21:00,54900,54950,54800,54850,141489,450791597550,262,False,False
2025-05-08 13:22:00,54850,54900,54850,54850,15176,451624350350,263,False,False
2025-05-08 13:23:00,54850,54900,54800,54900,10452,452197769700,264,False,False
2025-05-08 13:24:00,54900,54900,54800,54800,16514,453103090450,265,False,False
2025-05-08 13:25:00,54900,54900,54800,54850,10078,453655739050,266,False,False
2025-05-08 13:26:00,54800,54900,54800,54900,14192,454433736350,267,False,False
2025-05-08 13:27:00,54800,54900,54800,54900,9830,454973077450,268,False,False
2025-05-08 13:28:00,54850,54900,54800,54800,11477,455602632400,269,False,False
2025-05-08 13:29:00,54800,54900,54800,54850,22299,456825728950,270,False,False
2025-05-08 13:30:00,54850,54900,54800,54850,9462,457344657400,271,False,False
2025-05-08 13:31:00,54850,54900,54800,54900,9451,457862904300,272,False,False
2025-05-08 13:32:00,54900,54900,54800,54850,15478,458711586950,273,False,False
2025-05-08 13:33:00,54850,54900,54800,54850,20405,459830393800,274,False,False
2025-05-08 13:34:00,54850,54900,54800,54900,24609,461181146150,275,False,False
2025-05-08 13:35:00,54850,54900,54850,54900,13321,461911939300,276,False,False
2025-05-08 13:36:00,54850,54900,54850,54900,11072,462519578450,277,False,False
2025-05-08 13:37:00,54900,54900,54850,54900,9200,463024480850,278,False,False
2025-05-08 13:38:00,54850,54900,54850,54900,16177,463912072250,279,False,False
2025-05-08 13:39:00,54850,55000,54800,54900,264453,478431257250,280,False,False
2025-05-08 13:40:00,54900,54950,54900,54900,4569,478682226500,281,False,False
2025-05-08 13:41:00,54900,54950,54800,54850,64729,482236103150,282,False,False
2025-05-08 13:42:00,54850,54900,54800,54850,11428,482863244600,283,False,False
2025-05-08 13:43:00,54900,54900,54850,54900,9156,483365668700,284,False,False
2025-05-08 13:44:00,54900,54900,54850,54900,13784,484122117100,285,False,False
2025-05-08 13:45:00,54900,54900,54850,54850,21603,485307908000,286,False,False
2025-05-08 13:46:00,54850,54900,54800,54900,12018,485967251700,287,False,False
2025-05-08 13:47:00,54900,54900,54800,54900,9740,486501421450,288,False,False
2025-05-08 13:48:00,54800,54900,54800,54850,11816,487149302600,289,False,False
2025-05-08 13:49:00,54800,54850,54800,54800,8001,487587895250,290,False,False
2025-05-08 13:50:00,54800,54850,54800,54850,13094,488305794750,291,False,False
2025-05-08 13:51:00,54800,54850,54800,54850,11065,488912484050,292,False,False
2025-05-08 13:52:00,54850,54850,54800,54800,9176,489415556000,293,False,False
2025-05-08 13:53:00,54850,54850,54800,54800,9696,489947192900,294,False,False
2025-05-08 13:54:00,54800,54850,54800,54850,11157,490558824900,295,False,False
2025-05-08 13:55:00,54800,54900,54800,54850,10734,491147430600,296,False,False
2025-05-08 13:56:00,54800,54850,54800,54850,6304,491493027800,297,False,False
2025-05-08 13:57:00,54800,54900,54800,54850,12891,492199911700,298,False,False
2025-05-08 13:58:00,54850,54900,54800,54800,10900,492797612150,299,False,False
2025-05-08 13:59:00,54850,54900,54800,54800,9282,493306517550,300,False,False
2025-05-08 14:00:00,54800,54900,54800,54800,15779,494171993050,301,False,False
2025-05-08 14:01:00,54900,54900,54800,54900,21234,495336291350,302,False,False
2025-05-08 14:02:00,54800,54900,54800,54800,20673,496470015800,303,False,False
2025-05-08 14:03:00,54850,54900,54800,54800,9644,496998958050,304,False,False
2025-05-08 14:04:00,54800,54900,54800,54800,19712,498079753950,305,False,False
2025-05-08 14:05:00,54800,54900,54800,54800,11304,498699754500,306,False,False
2025-05-08 14:06:00,54900,54900,54800,54900,18471,499712099500,307,False,False
2025-05-08 14:07:00,54800,54900,54800,54800,12801,500414158750,308,False,False
2025-05-08 14:08:00,54800,54850,54800,54850,21414,501587789800,309,False,False
2025-05-08 14:09:00,54800,54900,54800,54900,18640,502609818150,310,False,False
2025-05-08 14:10:00,54900,54900,54800,54800,9044,503105872600,311,False,False
2025-05-08 14:11:00,54900,54900,54800,54850,42702,505448756900,312,False,False
2025-05-08 14:12:00,54800,54900,54800,54900,9289,505958345650,313,False,False
2025-05-08 14:13:00,54900,54900,54800,54800,18558,506975520050,314,False,False
2025-05-08 14:14:00,54800,54850,54800,54850,17177,507917186900,315,False,False
2025-05-08 14:15:00,54800,54850,54800,54800,18632,508938345550,316,False,False
2025-05-08 14:16:00,54800,54850,54800,54850,16267,509830041300,317,False,False
2025-05-08 14:17:00,54800,54850,54800,54800,7535,510243037400,318,False,False
2025-05-08 14:18:00,54800,54850,54800,54800,10798,510834943600,319,False,False
2025-05-08 14:19:00,54800,54850,54800,54800,14794,511645759650,320,False,False
2025-05-08 14:20:00,54800,54850,54800,54800,11901,512298133250,321,False,False
2025-05-08 14:21:00,54850,54850,54800,54850,11239,512914291300,322,False,False
2025-05-08 14:22:00,54800,54850,54800,54800,7552,513328268350,323,False,False
2025-05-08 14:23:00,54800,54850,54800,54800,21569,514510602050,324,False,False
2025-05-08 14:24:00,54850,54850,54800,54850,15152,515341138250,325,False,False
2025-05-08 14:25:00,54800,54850,54800,54850,22559,516578001900,326,False,False
2025-05-08 14:26:00,54850,54850,54800,54800,18705,517603368950,327,False,False
2025-05-08 14:27:00,54800,54850,54800,54850,21202,518765762350,328,False,False
2025-05-08 14:28:00,54800,54850,54800,54850,30879,520458282400,329,False,False
2025-05-08 14:29:00,54800,54850,54800,54800,61477,523827305850,330,False,False
2025-05-08 14:30:00,54800,54850,54800,54850,21658,525014396750,331,False,False
2025-05-08 14:31:00,54800,54850,54700,54700,155838,533552164550,332,False,False
2025-05-08 14:32:00,54700,54800,54700,54750,17752,534523565850,333,False,False
2025-05-08 14:33:00,54700,54750,54700,54700,21506,535699987500,334,False,False
2025-05-08 14:34:00,54700,54750,54700,54750,17809,536674502950,335,False,False
2025-05-08 14:35:00,54700,54750,54700,54750,13320,537403339800,336,False,False
2025-05-08 14:36:00,54700,54750,54700,54700,26281,538841719600,337,False,False
2025-05-08 14:37:00,54700,54750,54700,54700,18354,539846026900,338,False,False
2025-05-08 14:38:00,54700,54750,54700,54750,43747,542239266450,339,False,False
2025-05-08 14:39:00,54700,54750,54700,54750,26365,543681714450,340,False,False
2025-05-08 14:40:00,54700,54750,54700,54700,16184,544567228400,341,False,False
2025-05-08 14:41:00,54700,54750,54700,54700,17956,545549742400,342,False,False
2025-05-08 14:42:00,54700,54750,54700,54750,20879,546692292250,343,False,False
2025-05-08 14:43:00,54700,54750,54700,54700,35810,548651220550,344,False,False
2025-05-08 14:44:00,54700,54750,54700,54700,28702,550221470500,345,False,False
2025-05-08 14:45:00,54700,54750,54700,54700,16121,551103384600,346,False,False
2025-05-08 14:46:00,54700,54750,54700,54700,15882,551972325500,347,False,False
2025-05-08 14:47:00,54700,54750,54700,54700,25525,553368839300,348,False,False
2025-05-08 14:48:00,54700,54750,54700,54700,41818,555656948550,349,False,False
2025-05-08 14:49:00,54750,54750,54700,54700,24848,557016358500,350,False,False
2025-05-08 14:50:00,54750,54750,54700,54700,38336,559113840100,351,False,False
2025-05-08 14:51:00,54700,54750,54700,54750,31785,560852550400,352,False,False
2025-05-08 14:52:00,54700,54750,54700,54750,28154,562392642400,353,False,False
2025-05-08 14:53:00,54700,54750,54600,54650,169981,571688513150,354,False,False
2025-05-08 14:54:00,54650,54650,54600,54650,31254,573395245750,355,False,False
2025-05-08 14:55:00,54650,54650,54600,54650,14743,574200302500,356,False,False
2025-05-08 14:56:00,54600,54650,54600,54600,25914,575615653750,357,False,False
2025-05-08 14:57:00,54600,54650,54600,54650,32204,577374229950,358,False,False
2025-05-08 14:58:00,54650,54650,54600,54600,23623,578664389650,359,False,False
2025-05-08 14:59:00,54650,54650,54600,54650,32873,580459635650,360,False,False
2025-05-08 15:00:00,54650,54650,54600,54600,14781,581266956950,361,False,True
2025-05-08 15:01:00,54600,54650,54600,54600,14849,582077939850,362,False,True
2025-05-08 15:02:00,54600,54650,54600,54600,23189,583344428900,363,False,True
2025-05-08 15:03:00,54600,54650,54600,54600,26463,584789382300,364,False,True
2025-05-08 15:04:00,54650,54650,54600,54650,18662,585808426600,365,False,True
2025-05-08 15:05:00,54600,54700,54600,54650,19354,586865691950,366,False,True
2025-05-08 15:06:00,54650,54700,54600,54600,11855,587513096550,367,False,True
2025-05-08 15:07:00,54600,54650,54600,54600,15526,588361061300,368,False,True
2025-05-08 15:08:00,54600,54650,54600,54650,23051,589620199050,369,False,True
2025-05-08 15:09:00,54650,54700,54600,54600,30872,591306476850,370,False,True
2025-05-08 15:10:00,54600,54700,54600,54650,21640,592488598750,371,False,True
2025-05-08 15:11:00,54650,54700,54600,54650,19326,593544748650,372,False,True
2025-05-08 15:12:00,54650,54700,54600,54600,31377,595258683250,373,False,True
2025-05-08 15:13:00,54600,54700,54500,54600,331897,613381322450,374,False,True
2025-05-08 15:14:00,54600,54600,54500,54500,47857,615991138650,375,False,True
2025-05-08 15:15:00,54550,54600,54500,54600,38700,618101646100,376,False,True
2025-05-08 15:16:00,54600,54600,54500,54600,150958,626343645950,377,False,True
2025-05-08 15:17:00,54550,54700,54550,54650,163396,635264720850,378,False,True
2025-05-08 15:18:00,54650,54700,54600,54650,15003,636084045300,379,False,True
2025-05-08 15:19:00,54650,54650,54600,54650,48620,638738966750,380,False,True
2025-05-08 15:30:00,54600,54600,54600,54600,4599342,889863039950,391,False,True
